{
  "data": {
    "hyppcgdIstarts": [
      795,
      1497,
      2210,
      2937,
      3667,
      4388,
      0,
      0,
      0,
      0,
      0,
      0,
      0,
      0,
      0,
      0,
      0,
      0,
      0,
      0,
      0,
      0,
      0,
      0,
      0,
      0,
      0,
      0,
      0,
      0,
      0,
      0,
      0,
      0,
      0,
      0,
      0,
      0,
      0,
      0,
      0,
      0,
      0,
      0,
      0,
      0,
      0,
      0,
      0,
      0,
      0
    ],
    "RtopNumR": 6,
    "prResult": 1.3206556,
    "RtopNumL": 6,
    "jsvResult": 1.3262413,
    "hypecgdRtopsNum": 5,
    "hypecgsRtopsNum": 6,
    "hypapgdDNpnts": [
      1166,
      1822,
      2554,
      3268,
      3995,
      8,
      0,
      0,
      0,
      0,
      0,
      0,
      0,
      0,
      0,
      0,
      0,
      0,
      0,
      0,
      0,
      0,
      0,
      0,
      0,
      0,
      0,
      0,
      0,
      0,
      0,
      0,
      0,
      0,
      0,
      0,
      0,
      0,
      0,
      0,
      0,
      0,
      0,
      0,
      0,
      0,
      0,
      0,
      0,
      0,
      0
    ],
    "hypapgdUTpnts": [
      974,
      1762,
      2476,
      3198,
      3933,
      4489,
      0,
      0,
      0,
      0,
      0,
      0,
      0,
      0,
      0,
      0,
      0,
      0,
      0,
      0,
      0,
      0,
      0,
      0,
      0,
      0,
      0,
      0,
      0,
      0,
      0,
      0,
      0,
      0,
      0,
      0,
      0,
      0,
      0,
      0,
      0,
      0,
      0,
      0,
      0,
      0,
      0,
      0,
      0,
      0,
      0
    ],
    "TsL": [
      765,
      1497,
      2228,
      2945,
      3645,
      4366,
      32748,
      0,
      0,
      0,
      0,
      0,
      0,
      0,
      0,
      0,
      0,
      0,
      0,
      0,
      0,
      0,
      0,
      0,
      0,
      0,
      0,
      0,
      0,
      0
    ],
    "UTL": [
      597,
      1332,
      2065,
      2787,
      3484,
      4198,
      0,
      0,
      0,
      0,
      0,
      0,
      0,
      0,
      0,
      0,
      0,
      0,
      0,
      0,
      0,
      0,
      0,
      0,
      0,
      0,
      0,
      0,
      0,
      0
    ],
    "RtopL": [
      527,
      1261,
      1994,
      2712,
      3410,
      4129,
      32748,
      0,
      378,
      379,
      120,
      259,
      383,
      384,
      385,
      120,
      259,
      404,
      405,
      406,
      120,
      259,
      377,
      411,
      379,
      120,
      259,
      377,
      435,
      379
    ],
    "IDL": 4,
    "jpaResult": 89,
    "TsR": [
      907,
      1630,
      2367,
      3082,
      3778,
      4475,
      32748,
      0,
      0,
      0,
      0,
      0,
      0,
      0,
      0,
      0,
      0,
      0,
      0,
      0,
      0,
      0,
      0,
      0,
      0,
      0,
      0,
      0,
      0,
      0
    ],
    "UTR": [
      753,
      1483,
      2217,
      2933,
      3638,
      4323,
      0,
      0,
      0,
      0,
      0,
      0,
      0,
      0,
      0,
      0,
      0,
      0,
      0,
      0,
      0,
      0,
      0,
      0,
      0,
      0,
      0,
      0,
      0,
      0
    ],
    "jpsResult": 123,
    "RtopR": [
      671,
      1394,
      2130,
      2851,
      3546,
      4240,
      32748,
      0,
      0,
      0,
      0,
      0,
      0,
      0,
      0,
      0,
      0,
      0,
      0,
      0,
      0,
      0,
      0,
      0,
      0,
      0,
      0,
      0,
      0,
      0
    ],
    "IDR": 4,
    "gNPSType": 4,
    "cResult": 1.0143194,
    "hypapgsUTpnts": [
      698,
      1417,
      2150,
      2866,
      3558,
      4266,
      4896,
      0,
      0,
      0,
      0,
      0,
      0,
      0,
      0,
      0,
      0,
      0,
      0,
      0,
      0,
      0,
      0,
      0,
      0,
      0,
      0,
      0,
      0,
      0,
      0,
      0,
      0,
      0,
      0,
      0,
      0,
      0,
      0,
      0,
      0,
      0,
      0,
      0,
      0,
      0,
      0,
      0,
      0,
      0,
      0
    ],
    "jpdResult": 72,
    "hyppcgsIstarts": [
      534,
      1249,
      1977,
      2693,
      3392,
      4090,
      4795,
      0,
      0,
      0,
      0,
      0,
      0,
      0,
      0,
      0,
      0,
      0,
      0,
      0,
      0,
      0,
      0,
      0,
      0,
      0,
      0,
      0,
      0,
      0,
      0,
      0,
      0,
      0,
      0,
      0,
      0,
      0,
      0,
      0,
      0,
      0,
      0,
      0,
      0,
      0,
      0,
      0,
      0,
      0,
      0
    ],
    "hyppcgdIIstarts": [
      1056,
      1759,
      2480,
      3207,
      3927,
      0,
      0,
      0,
      0,
      0,
      0,
      0,
      0,
      0,
      0,
      0,
      0,
      0,
      0,
      0,
      0,
      0,
      0,
      0,
      0,
      0,
      0,
      0,
      0,
      0,
      0,
      0,
      0,
      0,
      0,
      0,
      0,
      0,
      0,
      0,
      0,
      0,
      0,
      0,
      0,
      0,
      0,
      0,
      0,
      0,
      0
    ],
    "hyppcgsIIstarts": [
      796,
      1510,
      2245,
      2959,
      3651,
      4350,
      0,
      0,
      0,
      0,
      0,
      0,
      0,
      0,
      0,
      0,
      0,
      0,
      0,
      0,
      0,
      0,
      0,
      0,
      0,
      0,
      0,
      0,
      0,
      0,
      0,
      0,
      0,
      0,
      0,
      0,
      0,
      0,
      0,
      0,
      0,
      0,
      0,
      0,
      0,
      0,
      0,
      0,
      0,
      0,
      0
    ],
    "hypapgsUSpnts": [
      630,
      1347,
      2082,
      2801,
      3489,
      4189,
      4896,
      0,
      0,
      0,
      0,
      0,
      0,
      0,
      0,
      0,
      0,
      0,
      0,
      0,
      0,
      0,
      0,
      0,
      0,
      0,
      0,
      0,
      0,
      0,
      0,
      0,
      0,
      0,
      0,
      0,
      0,
      0,
      0,
      0,
      0,
      0,
      0,
      0,
      0,
      0,
      0,
      0,
      0,
      0,
      0
    ],
    "detectCount": 100,
    "hypecgdRtops": [
      756,
      1459,
      2180,
      2908,
      3628,
      4358,
      0,
      0,
      0,
      0,
      0,
      0,
      0,
      0,
      0,
      0,
      0,
      0,
      0,
      0,
      0,
      0,
      0,
      0,
      0,
      0,
      0,
      0,
      0,
      0,
      0,
      0,
      0,
      0,
      0,
      0,
      0,
      0,
      0,
      0,
      0,
      0,
      0,
      0,
      0,
      0,
      0,
      0,
      0,
      0,
      0
    ],
    "hypapgsDNpnts": [
      870,
      1578,
      2311,
      3033,
      3719,
      4411,
      52,
      0,
      0,
      0,
      0,
      0,
      0,
      0,
      0,
      0,
      0,
      0,
      0,
      0,
      0,
      0,
      0,
      0,
      0,
      0,
      0,
      0,
      0,
      0,
      0,
      0,
      0,
      0,
      0,
      0,
      0,
      0,
      0,
      0,
      0,
      0,
      0,
      0,
      0,
      0,
      0,
      0,
      0,
      0,
      0
    ],
    "buf": [
      116.610565,
      116.782425,
      116.72325,
      116.63795,
      116.75781,
      116.6589,
      116.71549,
      116.38394,
      116.47762,
      116.303825,
      116.06672,
      115.95977,
      115.886986,
      115.3677,
      115.198,
      115.109245,
      115.16508,
      115.24943,
      115.56928,
      115.23302,
      115.322716,
      115.33663,
      115.29325,
      115.29151,
      115.30529,
      115.382195,
      115.29744,
      115.10836,
      114.86976,
      114.97391,
      115.03876,
      114.99367,
      114.857605,
      114.88741,
      114.896484,
      114.981285,
      115.21139,
      115.31174,
      115.16523,
      115.06006,
      115.0309,
      114.81756,
      114.90475,
      114.69108,
      114.88655,
      114.941734,
      115.132484,
      114.87459,
      114.83072,
      114.653366,
      114.049644,
      113.99484,
      113.95841,
      113.7093,
      113.75048,
      114.0381,
      114.19847,
      114.06051,
      113.86695,
      113.79842,
      113.94923,
      113.78948,
      113.81472,
      113.913086,
      113.81467,
      113.60938,
      113.42518,
      113.21568,
      112.94011,
      112.96851,
      113.012184,
      112.72686,
      112.72152,
      112.70603,
      112.81193,
      112.80827,
      112.647934,
      112.35742,
      112.313324,
      112.32319,
      112.21186,
      111.908485,
      111.584755,
      111.37764,
      111.204124,
      111.43691,
      111.46624,
      111.30451,
      110.92729,
      110.59979,
      110.700096,
      110.711914,
      110.68585,
      110.53745,
      110.364075,
      110.32337,
      110.516754,
      110.553276,
      110.8759,
      110.915146,
      110.80508,
      110.91009,
      111.10903,
      110.95583,
      110.82531,
      110.833244,
      110.78956,
      111.027336,
      111.155975,
      111.138756,
      110.87654,
      111.05273,
      111.13665,
      111.06951,
      111.08617,
      110.86517,
      110.93933,
      111.08438,
      110.952324,
      111.05442,
      111.003624,
      110.88047,
      111.130005,
      111.313644,
      111.53442,
      111.79456,
      112.03714,
      111.936455,
      111.8116,
      111.745544,
      111.94534,
      112.06794,
      112.55208,
      112.72686,
      112.91247,
      113.50488,
      113.748474,
      114.54854,
      115.319496,
      116.16417,
      116.75413,
      117.422676,
      118.13034,
      118.8651,
      119.86623,
      120.88776,
      121.72106,
      122.61553,
      123.57566,
      124.82927,
      125.72697,
      126.95974,
      128.1453,
      129.38701,
      130.76216,
      132.10002,
      133.64357,
      134.98624,
      136.17201,
      137.1403,
      138.46318,
      139.93976,
      141.22517,
      142.40141,
      143.40852,
      144.59174,
      145.74911,
      146.75911,
      147.81142,
      148.8122,
      149.78049,
      150.75378,
      152.21426,
      153.48193,
      154.789,
      155.82797,
      156.9917,
      158.10133,
      159.37062,
      160.25137,
      161.47823,
      162.23454,
      162.9639,
      163.60799,
      164.59663,
      165.44414,
      166.17976,
      167.02951,
      167.9346,
      168.73921,
      169.54237,
      170.17764,
      170.9408,
      171.62848,
      172.01471,
      172.70148,
      173.36589,
      173.72328,
      174.26566,
      174.44019,
      174.55846,
      174.52815,
      175.01302,
      175.3285,
      175.84624,
      176.21092,
      176.49388,
      176.77286,
      176.81696,
      177.05,
      177.02959,
      177.08775,
      177.08392,
      177.13913,
      177.36588,
      177.57388,
      177.47955,
      177.16125,
      177.01772,
      176.86896,
      176.919,
      176.58168,
      176.22116,
      175.70326,
      175.25604,
      174.95776,
      174.32774,
      173.87231,
      173.44753,
      173.00612,
      172.52806,
      171.96765,
      171.24551,
      170.61404,
      170.20091,
      169.30014,
      168.89774,
      168.515,
      168.03511,
      167.06583,
      166.37515,
      165.7141,
      165.28384,
      164.61302,
      163.61087,
      162.93994,
      162.03955,
      161.46199,
      160.93413,
      160.49292,
      160.10516,
      159.30434,
      158.67702,
      158.1061,
      157.47227,
      156.78873,
      156.3625,
      155.75748,
      156.3452,
      157.18352,
      157.6915,
      158.34291,
      159.2753,
      159.73347,
      160.04814,
      160.43478,
      161.31952,
      161.84166,
      162.32178,
      163.11214,
      163.85017,
      164.2148,
      164.5054,
      165.36192,
      165.66644,
      165.62108,
      165.59634,
      165.88153,
      166.66518,
      167.342,
      167.84511,
      168.33832,
      168.57205,
      168.92305,
      168.78891,
      168.71878,
      168.88882,
      169.15398,
      169.25993,
      169.81712,
      170.11853,
      170.56032,
      170.586,
      171.04565,
      171.02504,
      171.01877,
      171.28522,
      171.6195,
      172.03548,
      172.01073,
      172.32541,
      172.41092,
      172.65652,
      172.85452,
      173.00429,
      173.59773,
      173.30936,
      173.34727,
      173.69495,
      173.60947,
      173.37585,
      173.65707,
      173.8856,
      173.86241,
      173.71344,
      173.78456,
      173.83258,
      173.79712,
      173.59193,
      173.37845,
      173.20706,
      173.20366,
      173.2559,
      172.90807,
      172.84276,
      172.2331,
      171.48718,
      171.37605,
      171.06561,
      170.4753,
      170.5396,
      170.50894,
      170.16667,
      169.88747,
      170.0867,
      169.63855,
      169.51987,
      169.11263,
      169.29005,
      168.80095,
      168.59126,
      168.29425,
      167.90163,
      167.7977,
      167.79501,
      167.18538,
      167.29819,
      166.63289,
      166.00334,
      165.82703,
      165.63644,
      165.56268,
      165.5753,
      164.8054,
      164.66246,
      164.08386,
      163.69171,
      162.73824,
      162.13638,
      161.71071,
      161.65501,
      161.00017,
      160.3787,
      159.83849,
      159.63237,
      159.21799,
      158.81119,
      158.02022,
      157.23917,
      157.03432,
      156.69542,
      156.49539,
      156.57663,
      156.2225,
      155.80151,
      155.84692,
      155.3004,
      155.08505,
      154.57434,
      154.23994,
      153.94353,
      153.5736,
      152.83495,
      152.13077,
      152.15344,
      151.44446,
      151.02711,
      151.04268,
      150.59883,
      150.26707,
      150.22548,
      150.22061,
      150.38084,
      150.48508,
      150.3564,
      149.69319,
      148.90102,
      149.10803,
      148.31851,
      148.30937,
      148.33522,
      147.87839,
      147.42574,
      147.82234,
      147.35783,
      147.00636,
      146.57652,
      146.16727,
      146.15874,
      145.82555,
      145.89926,
      145.49721,
      145.8191,
      145.85356,
      145.95647,
      146.00298,
      146.00029,
      145.55069,
      145.6583,
      145.37022,
      144.59357,
      144.2387,
      144.01045,
      144.36082,
      143.68251,
      143.24466,
      143.18063,
      143.29758,
      143.69225,
      143.68956,
      143.72214,
      144.14133,
      143.83647,
      143.9689,
      144.41617,
      144.26443,
      144.34335,
      144.61699,
      144.75249,
      144.18265,
      143.89642,
      143.47838,
      143.04816,
      143.75719,
      144.06752,
      144.5385,
      144.05782,
      144.6104,
      144.64186,
      143.95374,
      143.91132,
      143.87714,
      143.82523,
      143.6843,
      143.90239,
      144.03656,
      144.01845,
      143.99333,
      143.69772,
      143.87189,
      144.09695,
      144.191,
      144.41254,
      144.48071,
      144.82149,
      145.00334,
      144.7025,
      144.87143,
      145.00485,
      145.47778,
      145.2279,
      144.88528,
      144.96442,
      145.11154,
      145.05042,
      144.76863,
      145.07365,
      144.60599,
      144.8932,
      144.8985,
      145.07631,
      145.13187,
      145.11636,
      145.1242,
      145.22034,
      145.34348,
      145.15683,
      145.13907,
      145.26611,
      145.38577,
      145.4241,
      144.40274,
      144.5673,
      144.70836,
      145.02768,
      145.29622,
      145.53494,
      145.46701,
      145.37804,
      145.06494,
      144.99359,
      145.36792,
      145.23134,
      145.32086,
      144.99727,
      145.17891,
      145.59392,
      145.61188,
      145.50723,
      144.95284,
      145.26158,
      145.35231,
      145.83342,
      145.68842,
      145.85968,
      146.0372,
      146.40672,
      146.38324,
      145.96289,
      146.35603,
      146.36421,
      146.77348,
      147.25438,
      147.27022,
      146.98013,
      146.89668,
      146.91425,
      147.26845,
      146.63272,
      147.07616,
      147.27643,
      147.07703,
      146.4078,
      145.87352,
      145.63687,
      145.13002,
      145.11536,
      145.17918,
      145.10345,
      145.06177,
      144.50462,
      144.14098,
      144.34167,
      144.45862,
      144.42905,
      143.861,
      144.23773,
      144.74347,
      144.58583,
      144.81213,
      144.72221,
      144.51439,
      144.47102,
      144.16309,
      144.21776,
      144.1555,
      143.92805,
      143.61694,
      143.83273,
      143.66873,
      143.35435,
      143.38016,
      143.29555,
      143.09224,
      142.92134,
      142.81902,
      142.92017,
      142.87358,
      142.92247,
      142.59515,
      142.64194,
      142.27206,
      142.31584,
      142.45226,
      142.35098,
      142.7759,
      142.6695,
      142.80675,
      142.70815,
      142.83083,
      142.63107,
      142.38716,
      141.88489,
      142.04643,
      141.42287,
      141.26434,
      141.55453,
      141.39992,
      141.40845,
      141.31915,
      141.11185,
      141.2306,
      140.911,
      140.4743,
      140.35228,
      140.11885,
      140.11813,
      139.6626,
      139.60085,
      139.84189,
      139.78593,
      139.6845,
      139.22083,
      139.07446,
      139.04138,
      138.18277,
      138.10966,
      137.86223,
      137.71628,
      137.97568,
      137.82394,
      137.50185,
      137.34921,
      137.1098,
      136.77444,
      136.69827,
      136.5999,
      136.18152,
      135.91367,
      135.78328,
      135.19366,
      135.11978,
      135.38368,
      135.3691,
      134.6609,
      134.5909,
      134.47752,
      133.9243,
      133.69467,
      133.55505,
      133.61067,
      133.69398,
      133.64345,
      133.40617,
      133.411,
      132.88287,
      132.73775,
      132.93202,
      132.51917,
      132.49489,
      132.16933,
      131.56831,
      131.26466,
      131.07239,
      131.182,
      131.09206,
      130.77573,
      130.27818,
      129.70314,
      129.35576,
      128.77939,
      128.82213,
      128.47888,
      128.67737,
      128.41287,
      128.30774,
      128.195,
      127.689316,
      127.47574,
      127.9683,
      128.10394,
      128.00394,
      127.9216,
      127.480316,
      127.47484,
      127.48092,
      127.651596,
      127.52508,
      127.06011,
      126.947464,
      126.82906,
      126.26227,
      126.46629,
      126.30324,
      126.056656,
      125.683975,
      125.72582,
      125.22895,
      125.05721,
      125.247444,
      125.378174,
      125.19576,
      124.68451,
      124.7602,
      125.15314,
      124.98001,
      125.045265,
      124.982956,
      124.55897,
      124.351204,
      124.34867,
      124.34627,
      124.25104,
      124.658676,
      124.668236,
      124.85142,
      124.62726,
      124.457245,
      124.01017,
      123.64136,
      123.48145,
      123.192924,
      122.882576,
      122.20605,
      122.3604,
      122.46134,
      122.18686,
      122.02915,
      121.98285,
      122.34934,
      122.03852,
      121.61195,
      121.29468,
      121.68811,
      122.39284,
      122.09008,
      122.39931,
      122.304,
      122.15837,
      122.14309,
      122.19471,
      122.09697,
      121.896835,
      121.70526,
      121.88056,
      121.88698,
      122.15329,
      122.16316,
      122.37876,
      122.27018,
      122.190285,
      0,
      0,
      0,
      0,
      0,
      0,
      0,
      0,
      0,
      0,
      0,
      0,
      0,
      0,
      0,
      0,
      0,
      0,
      0,
      0,
      0,
      0,
      0,
      0,
      0,
      0,
      0,
      0,
      0,
      0,
      0,
      0,
      0,
      0,
      0,
      0,
      0,
      0,
      0,
      0,
      0,
      0,
      0,
      0,
      0,
      0,
      0,
      0,
      0,
      0,
      0,
      0,
      0,
      0,
      0,
      0,
      0,
      0,
      0,
      0,
      0,
      0,
      0,
      0,
      0,
      0,
      0,
      0,
      0,
      0,
      0,
      0,
      0,
      0,
      0,
      0,
      0,
      0,
      0,
      0,
      0,
      0,
      0,
      0,
      0,
      0,
      0,
      0,
      0,
      0,
      0,
      0,
      0,
      0,
      0,
      0,
      0,
      0,
      0,
      0,
      0,
      0,
      0,
      0,
      0,
      0,
      0,
      0,
      0,
      0,
      0,
      0,
      0,
      0,
      0,
      0,
      0,
      0,
      0,
      0,
      0,
      0,
      0,
      0,
      0,
      0,
      0,
      0,
      0,
      0,
      0,
      0,
      0,
      0,
      0,
      0,
      0,
      0,
      0,
      0,
      0,
      0,
      0,
      0,
      0,
      0,
      0,
      0,
      0,
      0,
      0,
      0,
      0,
      0,
      0,
      0,
      0,
      0,
      0,
      0,
      0,
      0,
      0,
      0,
      0,
      0,
      0,
      0,
      0,
      0,
      0,
      0,
      0,
      0,
      0,
      0,
      0,
      0,
      0,
      0,
      0,
      0,
      0,
      0,
      0,
      0,
      0,
      0,
      0,
      0,
      0,
      0,
      0,
      0,
      0,
      0,
      0,
      0,
      0,
      0,
      0,
      0,
      0,
      0,
      0,
      0,
      0,
      0,
      0,
      0,
      0,
      0,
      0,
      0,
      0,
      0,
      0,
      0,
      0,
      0,
      0,
      0,
      0,
      0,
      0,
      0,
      0,
      0,
      0,
      0,
      0,
      0,
      0,
      0,
      0,
      0,
      0,
      0,
      0,
      0,
      0,
      0,
      0,
      0,
      0,
      0,
      0,
      0,
      0,
      0,
      0,
      0,
      0,
      0,
      0,
      0,
      0,
      0,
      0,
      0,
      0,
      0,
      0,
      0,
      0,
      0,
      0,
      0,
      0,
      0,
      0,
      0,
      0,
      0,
      0,
      0,
      0,
      0,
      0,
      0,
      0,
      0,
      0,
      0,
      0,
      0,
      0,
      0,
      0,
      0,
      0,
      0,
      0,
      0,
      0,
      0,
      0,
      0,
      0,
      0,
      0,
      0,
      0,
      0,
      0,
      0,
      0,
      0,
      0,
      0,
      0,
      0,
      0,
      0,
      0,
      0,
      0,
      0,
      0,
      0,
      0,
      0,
      0,
      0,
      0,
      0,
      0,
      0,
      0,
      0,
      0,
      0,
      0,
      0,
      0,
      0,
      0,
      0,
      0,
      0,
      0,
      0,
      0,
      0,
      0,
      0,
      0,
      0,
      0,
      0,
      0,
      0,
      0,
      0,
      0,
      0,
      0,
      0,
      0,
      0,
      0,
      0,
      0,
      0,
      0,
      0,
      0,
      0,
      0,
      0,
      0,
      0,
      0,
      0,
      0,
      0,
      0,
      0,
      0,
      0,
      0,
      0,
      0,
      0,
      0,
      0,
      0,
      0,
      0,
      0,
      0,
      0,
      0,
      0,
      0,
      0,
      0,
      0,
      0,
      0,
      0,
      0,
      0,
      0,
      0,
      0,
      0,
      0,
      0,
      0,
      0,
      0,
      0,
      0,
      0,
      0,
      0,
      0,
      0,
      0,
      0,
      0,
      0,
      0,
      0,
      0,
      0,
      0,
      0,
      0,
      0,
      0,
      0,
      0,
      0,
      0,
      0,
      0,
      0,
      0,
      0,
      0,
      0,
      0,
      0,
      0,
      0,
      0,
      0,
      0,
      0,
      0,
      0,
      0,
      0,
      0,
      0,
      0,
      0,
      0,
      0,
      0,
      0,
      0,
      0,
      0,
      0,
      0,
      0,
      0,
      0,
      0,
      0,
      0,
      0,
      0,
      0,
      0,
      0,
      0,
      0,
      0,
      0,
      0,
      0,
      0,
      0,
      0,
      0,
      0,
      0,
      0,
      0,
      0,
      0,
      0,
      0,
      0,
      0,
      0,
      0,
      0,
      0,
      0,
      0,
      0,
      0,
      0,
      0,
      0,
      0,
      0,
      0,
      0,
      0,
      0,
      0,
      0,
      0,
      0,
      0,
      0,
      0,
      0,
      0,
      0,
      0,
      0,
      0,
      0,
      0,
      0,
      0,
      0,
      0,
      0,
      0,
      0,
      0,
      0,
      0,
      0,
      0,
      0,
      0,
      0,
      0,
      0,
      0,
      0,
      0,
      0,
      0,
      0,
      0,
      0,
      0,
      0,
      0,
      0,
      0,
      0,
      0,
      0,
      0,
      0,
      0,
      0,
      0,
      0,
      0,
      0,
      0,
      0,
      0,
      0,
      0,
      0,
      0,
      0,
      0,
      0,
      0,
      0,
      0,
      0,
      0,
      0,
      0,
      0,
      0,
      0,
      0,
      0,
      0,
      0,
      0,
      0,
      0,
      0,
      0,
      0,
      0,
      0,
      0,
      0,
      0,
      0,
      0,
      0,
      0,
      0,
      0,
      0,
      0,
      0,
      0,
      0,
      0,
      0,
      0,
      0,
      0,
      0,
      0,
      0,
      0,
      0,
      0,
      0,
      0,
      0,
      0,
      0,
      0,
      0,
      0,
      0,
      0,
      0,
      0,
      0,
      0,
      0,
      0,
      0,
      0,
      0,
      0,
      0,
      0,
      0,
      0,
      0,
      0,
      0,
      0,
      0,
      0,
      0,
      0,
      0,
      0,
      0,
      0,
      0,
      0,
      0,
      0,
      0,
      0,
      0,
      0,
      0,
      0,
      0,
      0,
      0,
      0,
      0,
      0,
      0,
      0,
      0,
      0,
      0,
      0,
      0,
      0,
      0,
      0,
      0,
      0,
      0,
      0,
      0,
      0,
      0,
      0,
      0,
      0,
      0,
      0,
      0,
      0,
      0,
      0,
      0,
      0,
      0,
      0,
      0,
      0,
      0,
      0,
      0,
      0,
      0,
      0,
      0,
      0,
      0,
      0,
      0,
      0,
      0,
      0,
      0,
      0,
      0,
      0,
      0,
      0,
      0,
      0,
      0,
      0,
      0,
      0,
      0,
      0,
      0,
      0,
      0,
      0,
      0,
      0,
      0,
      0,
      0,
      0,
      0,
      0,
      0,
      0,
      0,
      0,
      0,
      0,
      0,
      0,
      0,
      0,
      0,
      0,
      0,
      0,
      0,
      0,
      0,
      0,
      0,
      0,
      0,
      0,
      0,
      0,
      0,
      0,
      0,
      0,
      0,
      0,
      0,
      0,
      0,
      0,
      0,
      0,
      0,
      0,
      0,
      0,
      0,
      0,
      0,
      0,
      0,
      0,
      0,
      0,
      0,
      0,
      0,
      0,
      0,
      0,
      0,
      0,
      0,
      0,
      0,
      0,
      0,
      0,
      0,
      0,
      0,
      0,
      0,
      0,
      0,
      0,
      0,
      0,
      0,
      0,
      0,
      0,
      0,
      0,
      0,
      0,
      0,
      0,
      0,
      0,
      0,
      0,
      0,
      0,
      0,
      0,
      0,
      0,
      0,
      0,
      0,
      0,
      0,
      0,
      0,
      0,
      0,
      0,
      0,
      0,
      0,
      0,
      0,
      0,
      0,
      0,
      0,
      0,
      0,
      0,
      0,
      0,
      0,
      0,
      0,
      0,
      0,
      0,
      0,
      0,
      0,
      0,
      0,
      0,
      0,
      0,
      0,
      0,
      0,
      0,
      0,
      0,
      0,
      0,
      0,
      0,
      0,
      0,
      0,
      0,
      0,
      0,
      0,
      0,
      0,
      0,
      0,
      0,
      0,
      0,
      0,
      0,
      0,
      0,
      0,
      0,
      0,
      0,
      0,
      0,
      0,
      0,
      0,
      0,
      0,
      0,
      0,
      0,
      0,
      0,
      0,
      0,
      0,
      0,
      0,
      0,
      0,
      0,
      0,
      0,
      0,
      0,
      0,
      0,
      0,
      0,
      0,
      0,
      0,
      0,
      0,
      0,
      0,
      0,
      0,
      0,
      0,
      0,
      0,
      0,
      0,
      0,
      0,
      0,
      0,
      0,
      0,
      0,
      0,
      0,
      0,
      0,
      0,
      0,
      0,
      0,
      0,
      0,
      0,
      0,
      0,
      0,
      0,
      0,
      0,
      0,
      0,
      0,
      0,
      0,
      0,
      0,
      0,
      0,
      0,
      0,
      0,
      0,
      0,
      0,
      0,
      0,
      0,
      0,
      0,
      0,
      0,
      0,
      0,
      0,
      0,
      0,
      0,
      0,
      0,
      0,
      0,
      0,
      0,
      0,
      0,
      0,
      0,
      0,
      0,
      0,
      0,
      0,
      0,
      0,
      0,
      0,
      0,
      0,
      0,
      0,
      0,
      0,
      0,
      0,
      0,
      0,
      0,
      0,
      0,
      0,
      0,
      0,
      0,
      0,
      0,
      0,
      0,
      0,
      0,
      0,
      0,
      0,
      0,
      0,
      0,
      0,
      0,
      0,
      0,
      0,
      0,
      0,
      0,
      0,
      0,
      0,
      0,
      0,
      0,
      0,
      0,
      0,
      0,
      0,
      0,
      0,
      0,
      0,
      0,
      0,
      0,
      0,
      0,
      0,
      0,
      0,
      0,
      0,
      0,
      0,
      0,
      0,
      0,
      0,
      0,
      0,
      0,
      0,
      0,
      0,
      0,
      0,
      0,
      0,
      0,
      0,
      0,
      0,
      0,
      0,
      0,
      0,
      0,
      0,
      0,
      0,
      0,
      0,
      0,
      0,
      0,
      0,
      0,
      0,
      0,
      0,
      0,
      0,
      0,
      0,
      0,
      0,
      0,
      0,
      0,
      0,
      0,
      0,
      0,
      0,
      0,
      0,
      0,
      0,
      0,
      0,
      0,
      0,
      0,
      0,
      0,
      0,
      0,
      0,
      0,
      0,
      0,
      0,
      0,
      0,
      0,
      0,
      0,
      0,
      0,
      0,
      0,
      0,
      0,
      0,
      0,
      0,
      0,
      0,
      0,
      0,
      0,
      0,
      0,
      0,
      0,
      0,
      0,
      0,
      0,
      0,
      0,
      0,
      0,
      0,
      0,
      0,
      0,
      0,
      0,
      0,
      0,
      0,
      0,
      0,
      0,
      0,
      0,
      0,
      0,
      0,
      0,
      0,
      0,
      0,
      0,
      0,
      0,
      0,
      0,
      0,
      0,
      0,
      0,
      0,
      0,
      0,
      0,
      0,
      0,
      0,
      0,
      0,
      0,
      0,
      0,
      0,
      0,
      0,
      0,
      0,
      0,
      0,
      0,
      0,
      0,
      0,
      0,
      0,
      0,
      0,
      0,
      0,
      0,
      0,
      0,
      0,
      0,
      0,
      0,
      0,
      0,
      0,
      0,
      0,
      0,
      0,
      0,
      0,
      0,
      0
    ],
    "hypecgsRtops": [
      498,
      1213,
      1948,
      2663,
      3354,
      4053,
      4765,
      0,
      0,
      0,
      0,
      0,
      0,
      0,
      0,
      0,
      0,
      0,
      0,
      0,
      0,
      0,
      0,
      0,
      0,
      0,
      0,
      0,
      0,
      0,
      0,
      0,
      0,
      0,
      0,
      0,
      0,
      0,
      0,
      0,
      0,
      0,
      0,
      0,
      0,
      0,
      0,
      0,
      0,
      0,
      0
    ],
    "jbrResult": 0.9885562,
    "hypapgdUSpnts": [
      894,
      1594,
      2313,
      3040,
      3764,
      4489,
      0,
      0,
      0,
      0,
      0,
      0,
      0,
      0,
      0,
      0,
      0,
      0,
      0,
      0,
      0,
      0,
      0,
      0,
      0,
      0,
      0,
      0,
      0,
      0,
      0,
      0,
      0,
      0,
      0,
      0,
      0,
      0,
      0,
      0,
      0,
      0,
      0,
      0,
      0,
      0,
      0,
      0,
      0,
      0,
      0
    ],
    "pssResult": 161.40941,
    "rect2": 8,
    "qResult": 0.92927945,
    "ascResult": 0.9831136
  }
}